name,email
Raghav,raghav@gmail.com
Rahul,rahul@gmail.com
Anita,anita@gmail.com
Priya,priya@gmail.com
Amit,amit@gmail.com
Sneha,sneha@gmail.com
Vikram,vikram@gmail.com
Neha,neha@gmail.com
Arjun,arjun@gmail.com
Pooja,pooja@gmail.com
Kiran,kiran@gmail.com
Divya,divya@gmail.com
Rohit,rohit@gmail.com
Meera,meera@gmail.com
Suresh,suresh@gmail.com
Kavya,kavya@gmail.com
Manish,manish@gmail.com
Anjali,anjali@gmail.com
Deepak,deepak@gmail.com
Nisha,nisha@gmail.com
Harish,harish@gmail.com
Swati,swati@gmail.com
Rajesh,rajesh@gmail.com
Simran,simran@gmail.com
Yash,yash@gmail.com
Isha,isha@gmail.com
Varun,varun@gmail.com
Tanvi,tanvi@gmail.com
Ajay,ajay@gmail.com
Ritu,ritu@gmail.com
Mohit,mohit@gmail.com
Preeti,preeti@gmail.com
Nikhil,nikhil@gmail.com
Shreya,shreya@gmail.com
Ashok,ashok@gmail.com
Komal,komal@gmail.com
Gaurav,gaurav@gmail.com
Bhavna,bhavna@gmail.com
Prakash,prakash@gmail.com
Rina,rina@gmail.com
Tarun,tarun@gmail.com
Sonal,sonal@gmail.com
Abhishek,abhishek@gmail.com
Madhuri,madhuri@gmail.com
Naveen,naveen@gmail.com
Alka,alka@gmail.com
Pankaj,pankaj@gmail.com
Seema,seema@gmail.com
Rakesh,rakesh@gmail.com
Monika,monika@gmail.com
Chirag,chirag@gmail.com
Aarti,aarti@gmail.com
Lokesh,lokesh@gmail.com
Jyoti,jyoti@gmail.com
Vivek,vivek@gmail.com
Rekha,rekha@gmail.com
Dinesh,dinesh@gmail.com
Usha,usha@gmail.com
Kunal,kunal@gmail.com
Sheetal,sheetal@gmail.com
Suraj,suraj@gmail.com
Lata,lata@gmail.com
Sameer,sameer@gmail.com
Geeta,geeta@gmail.com
Ravi,ravi@gmail.com
Kusum,kusum@gmail.com
Sanjay,sanjay@gmail.com
Mona,mona@gmail.com
Aakash,aakash@gmail.com
Payal,payal@gmail.com
Hemant,hemant@gmail.com
Rupal,rupal@gmail.com
Jatin,jatin@gmail.com
Neelam,neelam@gmail.com
Siddharth,siddharth@gmail.com
Tina,tina@gmail.com
Kapil,kapil@gmail.com
Madhu,madhu@gmail.com
Nitin,nitin@gmail.com
Rashmi,rashmi@gmail.com
Omkar,omkar@gmail.com
Savita,savita@gmail.com
Aditya,aditya@gmail.com
Pallavi,pallavi@gmail.com
Vishal,vishal@gmail.com
Charu,charu@gmail.com
Ankur,ankur@gmail.com
Bhumika,bhumika@gmail.com
Dev,dev@gmail.com
Kriti,kriti@gmail.com
Raj,raj@gmail.com
Mansi,mansi@gmail.com
Tejas,tejas@gmail.com
Radhika,radhika@gmail.com
Imran,imran@gmail.com
Farah,farah@gmail.com
Zaid,zaid@gmail.com
Sana,sana@gmail.com